{"url": "https://google.com", "is_valid": true, "risk_level": "Medium", "suspicious_indicators": 3, "pattern_analysis": {"suspicious_count": 0, "findings": ["No suspicious URL patterns detected"]}, "domain_info": {"domain": "google.com", "suspicious_count": 0, "findings": ["No suspicious domain registration information detected"], "whois_info": {"registrar": "MarkMonitor, Inc.", "creation_date": ["1997-09-15 04:00:00", "1997-09-15 07:00:00+00:00"], "expiration_date": ["2028-09-14 04:00:00", "2028-09-13 07:00:00+00:00"], "country": "US", "organization": "Google LLC"}}, "reputation": {"domain": "google.com", "suspicious_count": 3, "findings": ["Unusual server software: gws", "Website contains sensitive terms: sign in, login", "Website contains a login or password form"]}, "timestamp": "2025-03-26 12:28:20"}